"nomor_faktur","tanggal","tanggal_penerimaan","tanggal_jatuh_tempo","id_supplier","cara_bayar","diskon","cash_disc","ppn","grandtotal","netto","grandtotal_stlh_ppn"
"","08/08/2023","08/08/2023","01/09/2023","Merapi","KREDIT","0.00","0.00","0.00","344,100","344,100","344,100"
"00255","10/07/2023","11/07/2023","31/07/2023","Daya Anugrah Dewata Sakti","KREDIT","0.00","0.00","0.00","1,513,210","1,513,210","1,513,210"
"01925","10/07/2023","10/07/2023","24/07/2023","Bina San Prima","KREDIT","0.00","0.00","0.00","768,675","768,675","768,675"
"01924","10/07/2023","11/07/2023","24/07/2023","Bina San Prima","KREDIT","0.00","0.00","0.00","91,020","91,020","91,020"
"230843080","08/07/2023","10/07/2023","07/08/2023","Mensa Bina Sukses","KREDIT","0.00","0.00","0.00","1,581,750","1,581,750","1,581,750"
"0005867","07/07/2023","08/07/2023","28/07/2023","Blessindo","KREDIT","0.00","0.00","0.00","4,556,410","4,556,410","4,556,410"
"22520593","07/07/2023","08/07/2023","06/08/2023","Merapi","KREDIT","0.00","0.00","0.00","504,025","504,025","504,025"
"22520607","07/07/2023","08/07/2023","06/08/2023","Merapi","KREDIT","0.00","0.00","0.00","232,130","232,130","232,130"
"22520590","07/07/2023","08/07/2023","06/08/2023","Merapi","KREDIT","0.00","0.00","0.00","320,262","320,262","320,262"
"95226242","06/07/2023","07/07/2023","05/08/2023","Enseval Putera Megatreding","KREDIT","0.00","0.00","0.00","258,072","258,072","258,072"
"95204504","05/07/2023","07/07/2023","04/08/2023","Enseval Putera Megatreding","KREDIT","0.00","0.00","0.00","1,588,410","1,588,410","1,588,410"
"01474","07/07/2023","07/07/2023","21/07/2023","Bina San Prima","KREDIT","0.00","0.00","0.00","449,550","449,550","449,550"
"55230022596","06/07/2023","07/07/2023","11/07/2023","Anugerah Argon Medica","KREDIT","0.00","0.00","0.00","3,105,500","3,105,500","3,105,500"
"55230022587","06/07/2023","07/07/2023","11/07/2023","Anugerah Argon Medica","KREDIT","0.00","0.00","0.00","3,236,260","3,236,260","3,236,260"
"0015788","06/07/2023","07/07/2023","27/07/2023","Penta Vallent","KREDIT","0.00","0.00","0.00","1,819,010","1,819,010","1,819,010"
"230700065","06/07/2023","07/07/2023","20/07/2023","Intisumber Hasil Sempurna","KREDIT","0.00","0.00","0.00","546,334","546,334","546,334"
"132423016463","05/07/2023","06/07/2023","04/08/2023","Millennium Pharmacon International","KREDIT","0.00","0.00","0.00","1,871,740","1,871,740","1,871,740"
"00797","05/07/2023","06/07/2023","19/07/2023","Bina San Prima","KREDIT","0.00","0.00","0.00","138,800","138,800","138,800"
"00795","05/07/2023","06/07/2023","19/07/2023","Bina San Prima","KREDIT","0.00","0.00","0.00","1,081,140","1,081,140","1,081,140"
"00793","05/07/2023","06/07/2023","19/07/2023","Bina San Prima","KREDIT","0.00","0.00","0.00","425,242","425,242","425,242"
"16241","05/07/2023","06/07/2023","25/07/2023","Kallista","KREDIT","0.00","0.00","0.00","2,135,360","2,135,360","2,135,360"
"00560","05/07/2023","06/07/2023","04/08/2023","SAKAJAJA MAKMUR ABADI","KREDIT","0.00","0.00","0.00","404,722","404,722","404,722"
"0005773","04/07/2023","06/07/2023","25/07/2023","Blessindo","KREDIT","8.00","0.00","0.00","6,213,930","5,716,820","5,716,820"
"16110","04/07/2023","05/07/2023","25/07/2023","Kallista","KREDIT","0.00","0.00","0.00","1,496,340","1,496,340","1,496,340"
"22520361","04/07/2023","05/07/2023","30/08/2023","Merapi","KREDIT","0.00","0.00","0.00","1,953,460","1,953,460","1,953,460"
"230700002","01/07/2023","04/07/2023","15/07/2023","Intisumber Hasil Sempurna","KREDIT","0.00","0.00","0.00","595,764","595,764","595,764"
"0015401","04/07/2023","03/07/2023","24/07/2023","Penta Vallent","KREDIT","0.00","0.00","0.00","982,700","982,700","982,700"
"06905","30/06/2023","30/06/2023","14/07/2023","Bina San Prima","KREDIT","0.00","0.00","0.00","455,322","455,322","455,322"
"06906","30/06/2023","01/07/2023","14/07/2023","Bina San Prima","KREDIT","0.00","0.00","0.00","868,020","868,020","868,020"
"123044173","28/06/2023","30/06/2023","28/07/2023","Enseval Putera Megatreding","KREDIT","0.00","0.00","0.00","2,414,250","2,414,250","2,414,250"
"55230021576","28/06/2023","30/06/2023","03/07/2023","Anugerah Argon Medica","KREDIT","0.00","0.00","0.00","2,740,650","2,740,650","2,740,650"
"15651","28/06/2023","30/06/2023","21/07/2023","Kallista","KREDIT","0.00","0.00","0.00","4,017,640","4,017,640","4,017,640"
"06518","28/06/2023","28/06/2023","12/07/2023","Bina San Prima","KREDIT","0.00","0.00","0.00","1,847,040","1,847,040","1,847,040"
"06517","28/06/2023","28/06/2023","12/07/2023","Bina San Prima","KREDIT","0.00","0.00","0.00","669,330","669,330","669,330"
"22520028","27/06/2023","28/06/2023","27/07/2023","Merapi","KREDIT","0.00","0.00","0.00","977,519","977,519","977,519"
"0015028","27/06/2023","28/06/2023","18/07/2023","Penta Vallent","KREDIT","0.00","0.00","0.00","1,091,410","1,091,410","1,091,410"
"05898","26/06/2023","26/06/2023","10/07/2023","Bina San Prima","KREDIT","0.00","0.00","0.00","732,600","732,600","732,600"
"05897","26/06/2023","26/06/2023","10/07/2023","Bina San Prima","KREDIT","0.00","0.00","0.00","155,400","155,400","155,400"
"230779182","24/06/2023","26/06/2023","24/07/2023","Mensa Bina Sukses","KREDIT","0.00","0.00","0.00","1,963,530","1,963,530","1,963,530"
"55230021031","24/06/2023","26/06/2023","29/06/2023","Anugerah Argon Medica","KREDIT","0.00","0.00","0.00","2,819,730","2,819,730","2,819,730"
"132423015500","24/06/2023","26/06/2023","24/07/2023","Millennium Pharmacon International","KREDIT","0.00","0.00","0.00","1,115,320","1,115,320","1,115,320"
"25411","24/06/2023","26/06/2023","15/07/2023","Kallista","KREDIT","0.00","0.00","0.00","2,968,420","2,968,420","2,968,420"
"0014740","24/06/2023","26/06/2023","15/07/2023","Penta Vallent","KREDIT","0.00","0.00","0.00","943,778","943,778","943,778"
"132423015377","23/06/2023","24/06/2023","23/07/2023","Millennium Pharmacon International","KREDIT","0.00","0.00","0.00","1,066,030","1,066,030","1,066,030"
"05468","23/06/2023","23/06/2023","07/07/2023","Bina San Prima","KREDIT","0.00","0.00","0.00","1,074,480","1,074,480","1,074,480"
"05469","23/06/2023","23/06/2023","07/07/2023","Bina San Prima","KREDIT","0.00","0.00","0.00","1,608,390","1,608,390","1,608,390"
"05472","23/06/2023","23/06/2023","07/07/2023","Bina San Prima","KREDIT","0.00","0.00","0.00","724,830","724,830","724,830"
"0005545","22/06/2023","23/06/2023","13/07/2023","Blessindo","KREDIT","8.00","0.00","0.00","5,217,690","4,800,280","4,800,280"
"230221010302","22/06/2023","23/06/2023","22/07/2023","Merapi","KREDIT","0.00","0.00","0.00","580,325","580,325","580,325"
"55230020667","22/06/2023","23/06/2023","27/06/2023","Anugerah Argon Medica","KREDIT","0.00","0.00","0.00","1,850,650","1,850,650","1,850,650"
"12423015222","22/06/2023","23/06/2023","22/07/2023","Millennium Pharmacon International","KREDIT","0.00","0.00","0.00","1,307,580","1,307,580","1,307,580"
"15083","21/06/2023","22/06/2023","22/07/2023","Kallista","KREDIT","0.00","0.00","0.00","2,198,630","2,198,630","2,198,630"
"22519718","21/06/2023","22/06/2023","21/07/2023","Merapi","KREDIT","0.00","0.00","0.00","461,534","461,534","461,534"
"0014495","21/06/2023","22/06/2023","12/07/2023","Penta Vallent","KREDIT","0.00","0.00","0.00","949,050","949,050","949,050"
"0014347","20/06/2023","21/06/2023","11/07/2023","Penta Vallent","KREDIT","0.00","0.00","0.00","521,978","521,978","521,978"
"02037","20/06/2023","20/06/2023","11/07/2023","SAKAJAJA MAKMUR ABADI","KREDIT","0.00","0.00","0.00","569,430","569,430","569,430"
"04817","20/06/2023","20/06/2023","04/07/2023","Bina San Prima","KREDIT","0.00","0.00","0.00","871,350","871,350","871,350"
"04818","20/06/2023","20/06/2023","04/07/2023","Bina San Prima","KREDIT","0.00","0.00","0.00","1,202,520","1,202,520","1,202,520"
"04653","20/06/2023","20/06/2023","04/07/2023","Bina San Prima","KREDIT","0.00","0.00","0.00","366,300","366,300","366,300"
"0005443","19/06/2023","20/06/2023","10/07/2023","Blessindo","KREDIT","8.00","0.00","0.00","4,026,530","3,704,400","3,704,400"
"01261","15/06/2023","15/06/2023","05/07/2023","PERUSAHAAN PERDAGANGAN INDONESIA","KREDIT","0.00","0.00","0.00","383,112","383,112","383,112"
"00534","08/06/2023","08/06/2023","28/06/2023","PERUSAHAAN PERDAGANGAN INDONESIA","KREDIT","0.00","0.00","0.00","299,367","299,367","299,367"
"04190","19/06/2023","19/06/2023","03/07/2023","Bina San Prima","KREDIT","0.00","0.00","0.00","1,216,800","1,216,800","1,216,800"
"04188","19/06/2023","19/06/2023","03/07/2023","Bina San Prima","KREDIT","0.00","0.00","0.00","2,995,610","2,995,610","2,995,610"
"123423014815","17/06/2023","19/06/2023","17/07/2023","Millennium Pharmacon International","KREDIT","0.00","0.00","0.00","2,899,880","2,899,880","2,899,880"
"04058","17/06/2023","19/06/2023","08/07/2023","Daya Anugrah Dewata Sakti","KREDIT","0.00","0.00","0.00","1,950,820","1,950,820","1,950,820"
"0014124","17/06/2023","19/06/2023","08/07/2023","Penta Vallent","KREDIT","0.00","0.00","0.00","2,034,130","2,034,130","2,034,130"
"55230020085","17/06/2023","19/06/2023","22/06/2023","Anugerah Argon Medica","KREDIT","0.00","0.00","0.00","3,986,010","3,986,010","3,986,010"
"0005365","14/06/2023","16/06/2023","05/07/2023","Blessindo","KREDIT","8.00","0.00","0.00","3,983,520","3,664,840","3,664,840"
"0005364","14/06/2023","16/06/2023","05/07/2023","Blessindo","KREDIT","0.00","0.00","0.00","4,394,910","4,394,910","4,394,910"
"22519483","16/06/2023","17/06/2023","16/07/2023","Merapi","KREDIT","0.00","0.00","0.00","845,503","845,503","845,503"
"14729","16/06/2023","17/06/2023","06/07/2023","Kallista","KREDIT","0.00","0.00","0.00","1,861,190","1,861,190","1,861,190"
"123040720","16/06/2023","16/06/2023","16/07/2023","ENSEVAL PUTERA","KREDIT","0.00","0.00","0.00","965,700","965,700","965,700"
"230733766","15/06/2023","16/06/2023","15/07/2023","Mensa Bina Sukses","KREDIT","0.00","0.00","0.00","1,581,750","1,581,750","1,581,750"
"1310618818","15/06/2023","16/06/2023","15/06/2023","ANUGERAH PHARMINDO LESTARI","COD","0.00","0.00","0.00","849,800","0","0"
"230600160","14/06/2023","14/06/2023","28/06/2023","Intisumber Hasil Sempurna","KREDIT","0.00","0.00","0.00","587,373","587,373","587,373"
"55230019771","15/06/2023","16/06/2023","20/06/2023","Anugerah Argon Medica","KREDIT","0.00","0.00","0.00","3,478,800","3,478,800","3,478,800"
"0013934","15/06/2023","16/06/2023","06/07/2023","Penta Vallent","KREDIT","0.00","0.00","0.00","917,415","917,415","917,415"
"03561","15/06/2023","15/06/2023","29/06/2023","Bina San Prima","KREDIT","0.00","0.00","0.00","435,786","435,786","435,786"
"03558","15/06/2023","15/06/2023","29/06/2023","Bina San Prima","KREDIT","0.00","0.00","0.00","621,600","621,600","621,600"
"123040087","14/06/2023","15/06/2023","14/07/2023","ENSEVAL PUTERA","KREDIT","0.00","0.00","0.00","608,888","608,888","608,888"
"0","15/06/2023","15/06/2023","15/06/2023","APOTEK PRIMA","COD","0.00","0.00","0.00","93,600","93,600","93,600"
"14523","14/06/2023","15/06/2023","04/07/2023","Kallista","KREDIT","0.00","0.00","0.00","2,494,500","2,494,500","2,494,500"
"132423014464","14/06/2023","15/06/2023","14/07/2023","Millennium Pharmacon International","KREDIT","0.00","0.00","0.00","3,100,230","3,100,230","3,100,230"
"0013836","14/06/2023","15/06/2023","05/07/2023","Penta Vallent","KREDIT","0.00","0.00","0.00","1,819,010","1,819,010","1,819,010"
"03002","14/06/2023","14/06/2023","28/06/2023","Bina San Prima","KREDIT","0.00","0.00","0.00","1,176,600","1,176,600","1,176,600"
"03001","14/06/2023","14/06/2023","28/06/2023","Bina San Prima","KREDIT","0.00","0.00","0.00","604,064","604,064","604,064"
"0252","14/06/2023","14/06/2023","14/06/2023","RS. GRIYA HUSADA","COD","0.00","0.00","0.00","99,380","99,380","99,380"
"0219","14/06/2023","14/06/2023","14/06/2023","RS. GRIYA HUSADA","COD","0.00","0.00","0.00","116,365","116,365","116,365"
"0013593","12/06/2023","13/06/2023","03/07/2023","Penta Vallent","KREDIT","0.00","0.00","0.00","1,344,490","1,344,490","1,344,490"
"7350","12/06/2023","12/06/2023","12/07/2023","Darma Setia","COD","0.00","0.00","0.00","977,500","977,500","977,500"
"22519140","12/06/2023","13/06/2023","12/07/2023","Merapi","KREDIT","0.00","0.00","0.00","692,301","692,301","692,301"
"123039141","10/06/2023","12/06/2023","10/07/2023","ENSEVAL PUTERA","KREDIT","0.00","0.00","0.00","1,322,010","1,322,010","1,322,010"
"02486","12/06/2023","12/06/2023","26/06/2023","Bina San Prima","KREDIT","0.00","0.00","0.00","1,605,510","1,605,510","1,605,510"
"02483","12/06/2023","12/06/2023","26/06/2023","Bina San Prima","KREDIT","0.00","0.00","0.00","1,627,200","1,627,200","1,627,200"
"230712138","10/06/2023","12/06/2023","10/07/2023","Mensa Bina Sukses","KREDIT","0.00","0.00","0.00","1,249,130","1,249,130","1,249,130"
"55230019020","10/06/2023","12/06/2023","15/06/2023","6","KREDIT","0.00","0.00","0.00","3,860,520","3,860,520","3,860,520"
"02311","10/06/2023","12/06/2023","01/07/2023","Daya Anugrah Dewata Sakti","KREDIT","0.00","0.00","0.00","1,766,290","1,766,290","1,766,290"
"14189","10/06/2023","12/06/2023","01/07/2023","Kallista","KREDIT","0.00","0.00","0.00","1,357,810","1,357,810","1,357,810"
"0013455","09/06/2023","10/06/2023","30/06/2023","Penta Vallent","KREDIT","0.00","0.00","0.00","2,316,650","2,316,650","2,316,650"
"22518963","06/06/2023","08/06/2023","06/07/2023","Merapi","KREDIT","0.00","0.00","0.00","232,130","232,130","232,130"
"02107","09/06/2023","09/06/2023","23/06/2023","Bina San Prima","KREDIT","0.00","0.00","0.00","2,373,740","2,373,740","2,373,740"
"02106","09/06/2023","09/06/2023","23/06/2023","Bina San Prima","KREDIT","0.00","0.00","0.00","299,700","299,700","299,700"
"14012","08/06/2023","09/06/2023","28/06/2023","Kallista","KREDIT","0.00","0.00","0.00","3,005,320","3,005,320","3,005,320"
"0005165","07/06/2023","09/06/2023","27/06/2023","Blessindo","KREDIT","8.00","0.00","0.00","6,150,090","5,658,080","5,658,080"
"132423014008","08/06/2023","09/06/2023","08/07/2023","Millennium Pharmacon International","KREDIT","0.00","0.00","0.00","3,817,290","3,817,290","3,817,290"
"123038163","07/06/2023","09/06/2023","07/07/2023","ENSEVAL PUTERA","KREDIT","0.00","0.00","0.00","2,414,250","2,414,250","2,414,250"
"01689","08/06/2023","08/06/2023","22/06/2023","Bina San Prima","KREDIT","0.00","0.00","0.00","991,230","991,230","991,230"
"01690","08/06/2023","08/06/2023","22/06/2023","Bina San Prima","KREDIT","0.00","0.00","0.00","1,257,420","1,257,420","1,257,420"
"01691","08/06/2023","08/06/2023","22/06/2023","Bina San Prima","KREDIT","0.00","0.00","0.00","969,308","969,308","969,308"
"x","08/06/2023","08/06/2023","08/06/2023","APOTEK PRIMA","COD","0.00","0.00","0.00","106,500","106,500","106,500"
"22518896","08/06/2023","08/06/2023","07/07/2023","Merapi","KREDIT","0.00","0.00","0.00","427,082","427,082","427,082"
"132423013913","08/06/2023","08/06/2023","07/07/2023","Millennium Pharmacon International","KREDIT","0.00","0.00","0.00","923,068","923,068","923,068"
"01629","08/06/2023","08/06/2023","22/06/2023","Bina San Prima","KREDIT","0.00","0.00","0.00","366,300","366,300","366,300"
"01630","08/06/2023","08/06/2023","22/06/2023","Bina San Prima","KREDIT","0.00","0.00","0.00","161,505","161,505","161,505"
"132423013785","06/06/2023","07/06/2023","06/07/2023","Millennium Pharmacon International","KREDIT","0.00","0.00","0.00","738,150","738,150","738,150"
"123456","06/06/2023","06/06/2023","06/06/2023","APOTEK KIMIA FARMA","COD","0.00","0.00","0.00","472,726","472,726","472,726"
"00266","03/06/2023","06/06/2023","24/06/2023","Daya Anugrah Dewata Sakti","KREDIT","0.00","0.00","0.00","2,978,960","2,978,960","2,978,960"
"55230018293","05/06/2023","06/06/2023","10/06/2023","6","KREDIT","0.00","0.00","0.00","2,726,940","2,726,940","2,726,940"
"00673","05/06/2023","05/06/2023","19/06/2023","Bina San Prima","KREDIT","0.00","0.00","0.00","1,480,460","1,480,460","1,480,460"
"00674","05/06/2023","05/06/2023","19/06/2023","Bina San Prima","KREDIT","0.00","0.00","0.00","366,300","366,300","366,300"
"230500362","31/05/2023","03/06/2023","14/06/2023","Intisumber Hasil Sempurna","KREDIT","0.00","0.00","0.00","791,314","791,314","791,314"
"0004982","30/06/2023","03/06/2023","20/06/2023","Blessindo","KREDIT","8.00","0.00","0.00","7,650,000","7,038,000","7,038,000"
"13614","03/06/2023","05/06/2023","24/06/2023","Kallista","KREDIT","0.00","0.00","0.00","2,820,790","2,820,790","2,820,790"
"0004983","30/05/2023","03/06/2023","20/06/2023","Blessindo","KREDIT","8.00","0.00","0.00","3,400,780","3,128,710","3,128,710"
"0012746","31/05/2023","03/06/2023","21/06/2023","Penta Vallent","KREDIT","0.00","0.00","0.00","759,240","759,240","759,240"
"00045","02/06/2023","02/06/2023","02/07/2023","","KREDIT","0.00","0.00","0.00","314,685","314,685","314,685"
"22518623","31/05/2023","02/06/2023","30/06/2023","Merapi","KREDIT","0.00","0.00","0.00","580,325","580,325","580,325"
"132423013229","31/05/2023","02/06/2023","10/06/2023","Millennium Pharmacon International","KREDIT","0.00","0.00","0.00","1,602,840","1,602,840","1,602,840"
"0012582","31/05/2023","02/06/2023","21/06/2023","Penta Vallent","KREDIT","0.00","0.00","0.00","189,810","189,810","189,810"
"08290","31/05/2023","31/05/2023","14/06/2023","Bina San Prima","KREDIT","0.00","0.00","0.00","1,299,810","1,299,810","1,299,810"
"08291","31/05/2023","31/05/2023","14/06/2023","Bina San Prima","KREDIT","0.00","0.00","0.00","706,515","706,515","706,515"
"08235","31/05/2023","31/05/2023","14/06/2023","Bina San Prima","KREDIT","0.00","0.00","0.00","344,100","344,100","344,100"
"08289","31/05/2023","31/05/2023","14/06/2023","Bina San Prima","KREDIT","0.00","0.00","0.00","810,300","810,300","810,300"
"08287","31/05/2023","31/05/2023","14/06/2023","Bina San Prima","KREDIT","0.00","0.00","0.00","177,600","177,600","177,600"
"13192","30/05/2023","31/05/2023","20/06/2023","Kallista","KREDIT","0.00","0.00","0.00","2,330,440","2,330,440","2,330,440"
"55230017693","30/05/2023","31/05/2023","04/06/2023","Anugerah Argon Medica","KREDIT","0.00","0.00","0.00","3,200,070","3,200,070","3,200,070"
"22518445","30/05/2023","31/05/2023","20/06/2023","Merapi","KREDIT","0.00","0.00","0.00","640,829","640,829","640,829"
"07742","30/05/2023","31/05/2023","20/06/2023","Daya Anugrah Dewata Sakti","KREDIT","0.00","0.00","0.00","1,486,840","1,486,840","1,486,840"
"0012447","30/05/2023","31/05/2023","20/06/2023","Penta Vallent","KREDIT","0.00","0.00","0.00","2,489,670","2,489,670","2,489,670"
"03755","30/05/2023","30/05/2023","19/06/2023","SAKAJAJA MAKMUR ABADI","KREDIT","0.00","0.00","0.00","347,904","347,904","347,904"
"03394","30/05/2023","30/05/2023","30/05/2023","PERUSAHAAN PERDAGANGAN INDONESIA","COD","0.00","0.00","0.00","200,010","200,010","200,010"
"07827","29/05/2023","29/05/2023","12/06/2023","Bina San Prima","KREDIT","0.00","0.00","0.00","1,409,420","1,409,420","1,409,420"
"07825","29/05/2023","29/05/2023","12/06/2023","Bina San Prima","KREDIT","0.00","0.00","0.00","424,020","424,020","424,020"
"07832","29/05/2023","29/05/2023","12/06/2023","Bina San Prima","KREDIT","0.00","0.00","0.00","447,055","447,055","447,055"
"0012280","27/05/2023","29/05/2023","17/06/2023","Penta Vallent","KREDIT","0.00","0.00","0.00","1,253,540","1,253,540","1,253,540"
"132423012844","27/05/2023","29/05/2023","26/06/2023","Millennium Pharmacon International","KREDIT","0.00","0.00","0.00","1,423,580","1,423,580","1,423,580"
"230221008768","27/05/2023","29/05/2023","26/06/2023","Merapi","KREDIT","0.00","0.00","0.00","1,193,100","1,193,100","1,193,100"
"55230017322","27/05/2023","29/05/2023","16/06/2023","6","KREDIT","0.00","0.00","0.00","3,215,170","3,215,170","3,215,170"
"CD230643162","27/05/2023","29/05/2023","26/06/2023","Mensa Bina Sukses","KREDIT","0.00","0.00","0.00","2,509,760","2,509,760","2,509,760"
"06544","25/05/2023","26/05/2023","15/06/2023","Daya Anugrah Dewata Sakti","KREDIT","0.00","0.00","0.00","2,441,170","2,441,170","2,441,170"
"06987","25/05/2023","25/05/2023","08/06/2023","Bina San Prima","KREDIT","0.00","0.00","0.00","93,240","93,240","93,240"
"06988","25/05/2023","25/05/2023","08/06/2023","Bina San Prima","KREDIT","0.00","0.00","0.00","1,434,680","1,434,680","1,434,680"
"02488","23/05/2023","24/05/2023","23/05/2023","PERUSAHAAN PERDAGANGAN INDONESIA","COD","0.00","0.00","0.00","227,106","227,106","227,106"
"0004823","23/05/2023","25/05/2023","13/06/2023","Blessindo","KREDIT","8.00","0.00","0.00","5,325,930","4,899,850","4,899,850"
"0","25/05/2023","25/05/2023","25/05/2023","APOTEK PRIMA","COD","0.00","0.00","0.00","90,000","90,000","90,000"
"06664","24/05/2023","24/05/2023","07/06/2023","Bina San Prima","KREDIT","0.00","0.00","0.00","983,738","983,738","983,738"
"06662","24/05/2023","24/05/2023","07/06/2023","Bina San Prima","KREDIT","0.00","0.00","0.00","341,880","341,880","341,880"
"02956","24/05/2023","24/05/2023","23/06/2023","SAKAJAJA MAKMUR ABADI","KREDIT","0.00","0.00","0.00","500,751","500,751","500,751"
"06550","24/05/2023","24/05/2023","07/06/2023","Bina San Prima","KREDIT","0.00","0.00","0.00","366,300","366,300","366,300"
"22517869","22/05/2023","23/05/2023","21/06/2023","Merapi","KREDIT","0.00","0.00","0.00","1,545,940","1,545,940","1,545,940"
"12675","23/05/2023","24/05/2023","17/06/2023","Kallista","KREDIT","0.00","0.00","0.00","2,338,940","2,338,940","2,338,940"
"55230016692","23/05/2023","24/05/2023","24/05/2023","Anugerah Argon Medica","COD","0.00","0.00","0.00","910,200","910,200","910,200"
"06163","23/05/2023","23/05/2023","06/07/2023","Bina San Prima","KREDIT","0.00","0.00","0.00","2,659,000","2,659,000","2,659,000"
"0016461","22/05/2023","23/05/2023","12/06/2023","6","KREDIT","0.00","0.00","0.00","3,010,600","3,010,600","3,010,600"
"06054","22/05/2023","22/05/2023","05/06/2023","Bina San Prima","KREDIT","0.00","0.00","0.00","355,200","355,200","355,200"
"0011814","22/05/2023","23/05/2023","12/06/2023","Penta Vallent","KREDIT","0.00","0.00","0.00","949,050","949,050","949,050"
"230607697","20/05/2023","22/05/2023","19/06/2023","Mensa Bina Sukses","KREDIT","0.00","0.00","0.00","1,845,420","1,845,420","1,845,420"
"02544","20/05/2023","22/05/2023","19/06/2023","SAKAJAJA MAKMUR ABADI","KREDIT","0.00","0.00","0.00","458,915","458,915","458,915"
"012181","20/05/2023","22/05/2023","19/06/2023","Millennium Pharmacon International","KREDIT","0.00","0.00","0.00","2,843,990","2,843,990","2,843,990"
"12445","20/05/2023","22/05/2023","10/06/2023","Kallista","KREDIT","0.00","0.00","0.00","2,456,980","2,456,980","2,456,980"
"007802","16/05/2023","16/05/2023","15/06/2023","Merapi","KREDIT","0.00","0.00","0.00","1,555,410","1,555,410","1,555,410"
"12240","17/05/2023","19/05/2023","07/06/2023","Kallista","KREDIT","0.00","0.00","0.00","1,581,750","1,581,750","1,581,750"
"230500187","16/05/2023","17/05/2023","30/05/2023","Intisumber Hasil Sempurna","KREDIT","0.00","0.00","0.00","634,221","634,221","634,221"
"132423011904","17/05/2023","19/05/2023","16/06/2023","Millennium Pharmacon International","KREDIT","0.00","0.00","0.00","2,406,370","2,406,370","2,406,370"
"0004691","16/05/2023","19/05/2023","06/06/2023","Blessindo","KREDIT","8.00","0.00","0.00","2,664,560","2,451,390","2,451,390"
"04905","17/05/2023","17/05/2023","31/05/2023","Bina San Prima","KREDIT","0.00","0.00","0.00","1,575,920","1,575,920","1,575,920"
"04906","17/05/2023","17/05/2023","31/05/2023","Bina San Prima","KREDIT","0.00","0.00","0.00","1,023,420","1,023,420","1,023,420"
"04904","17/05/2023","17/05/2023","31/05/2023","Bina San Prima","KREDIT","0.00","0.00","0.00","902,220","902,220","902,220"
"0","17/05/2023","17/05/2023","17/05/2023","RSI MADIUN","COD","0.00","0.00","0.00","63,770","63,770","63,770"
"","16/05/2023","16/05/2023","16/05/2023","APOTEK PRIMA","COD","0.00","0.00","0.00","160,200","160,200","160,200"
"03334","13/05/2023","15/05/2023","03/06/2023","Daya Anugrah Dewata Sakti","KREDIT","0.00","0.00","0.00","2,108,140","2,108,140","2,108,140"
"230577973","13/05/2023","15/05/2023","12/06/2023","Mensa Bina Sukses","KREDIT","0.00","0.00","0.00","2,325,170","2,325,170","2,325,170"
"11962","13/05/2023","15/05/2023","02/06/2023","Kallista","KREDIT","0.00","0.00","0.00","2,636,250","2,636,250","2,636,250"
"7179","13/05/2023","13/05/2023","13/05/2023","Darma Setia","COD","0.00","0.00","0.00","825,000","825,000","825,000"
"3011339","11/05/2023","12/05/2023","10/06/2023","Millennium Pharmacon International","KREDIT","0.00","0.00","0.00","1,739,920","1,739,920","1,739,920"
"55230014985","11/05/2023","12/05/2023","11/05/2023","","COD","0.00","0.00","0.00","3,132,920","3,132,920","3,132,920"
"11779","11/05/2023","12/05/2023","31/05/2023","Kallista","KREDIT","0.00","0.00","0.00","1,363,470","1,363,470","1,363,470"
"0010841","11/05/2023","12/05/2023","01/06/2023","Penta Vallent","KREDIT","0.00","0.00","0.00","996,502","996,502","996,502"
"-","12/05/2023","12/05/2023","12/05/2023","YOTA MEDIKA","KREDIT","0.00","0.00","0.00","888,000","888,000","888,000"
"03095","11/05/2023","11/05/2023","25/05/2023","Bina San Prima","KREDIT","0.00","0.00","0.00","270,840","270,840","270,840"
"03098","11/05/2023","11/05/2023","25/05/2023","Bina San Prima","KREDIT","0.00","0.00","0.00","323,010","323,010","323,010"
"03096","11/05/2023","11/05/2023","25/05/2023","Bina San Prima","KREDIT","0.00","0.00","0.00","1,276,500","1,276,500","1,276,500"
"03094","11/05/2023","11/05/2023","25/05/2023","Bina San Prima","KREDIT","0.00","0.00","0.00","268,233","268,233","268,233"
"03099","11/05/2023","11/05/2023","25/05/2023","Bina San Prima","KREDIT","0.00","0.00","0.00","751,470","751,470","751,470"
"03097","11/05/2023","11/05/2023","25/05/2023","Bina San Prima","KREDIT","0.00","0.00","0.00","327,450","327,450","327,450"
"03100","11/05/2023","11/05/2023","25/05/2023","Bina San Prima","KREDIT","0.00","0.00","0.00","1,542,900","1,542,900","1,542,900"
"0004529","08/05/2023","11/05/2023","29/05/2023","Blessindo","KREDIT","8.00","0.00","0.00","4,319,840","3,974,250","3,974,250"
"132423011160","09/05/2023","10/05/2023","09/06/2023","Millennium Pharmacon International","KREDIT","0.00","0.00","0.00","1,534,300","1,534,300","1,534,300"
"55230014734","09/05/2023","10/05/2023","09/05/2023","Anugerah Argon Medica","COD","0.00","0.00","0.00","2,565,600","2,565,600","2,565,600"
"00954","08/05/2023","08/05/2023","07/06/2023","SAKAJAJA MAKMUR ABADI","KREDIT","0.00","0.00","0.00","449,550","449,550","449,550"
"02039","08/05/2023","08/05/2023","22/05/2023","Bina San Prima","KREDIT","0.00","0.00","0.00","1,036,180","1,036,180","1,036,180"
"02038","08/05/2023","08/05/2023","22/05/2023","Bina San Prima","KREDIT","0.00","0.00","0.00","752,025","752,025","752,025"
"02041","08/05/2023","08/05/2023","22/05/2023","Bina San Prima","KREDIT","0.00","0.00","0.00","420,412","420,412","420,412"
"02040","08/05/2023","08/05/2023","22/05/2023","Bina San Prima","KREDIT","0.00","0.00","0.00","344,100","344,100","344,100"
"02068","08/05/2023","08/05/2023","22/05/2023","Bina San Prima","KREDIT","0.00","0.00","0.00","669,330","669,330","669,330"
"02069","08/05/2023","08/05/2023","22/05/2023","Bina San Prima","KREDIT","0.00","0.00","0.00","299,700","299,700","299,700"
"123030269","06/05/2023","08/05/2023","05/06/2023","Enseval Putera Megatreding","KREDIT","0.00","0.00","0.00","573,870","573,870","573,870"
"230543006","06/05/2023","08/05/2023","05/06/2023","Mensa Bina Sukses","KREDIT","0.00","0.00","0.00","3,395,540","3,395,540","3,395,540"
"7144","05/05/2023","08/05/2023","05/06/2023","Darma Setia","COD","0.00","0.00","0.00","102,500","102,500","102,500"
"0010445","06/05/2023","08/05/2023","27/05/2023","Penta Vallent","KREDIT","0.00","0.00","0.00","1,471,030","1,471,030","1,471,030"
"11240","06/05/2023","08/05/2023","26/05/2023","Kallista","KREDIT","0.00","0.00","0.00","1,323,400","1,323,400","1,323,400"
"01502","06/05/2023","08/05/2023","27/05/2023","Daya Anugrah Dewata Sakti","KREDIT","0.00","0.00","0.00","1,877,010","1,877,010","1,877,010"
"132423010888","06/05/2023","08/05/2023","05/06/2023","Millennium Pharmacon International","KREDIT","0.00","0.00","0.00","1,072,430","1,072,430","1,072,430"
"01335","05/05/2023","05/05/2023","19/05/2023","Bina San Prima","KREDIT","0.00","0.00","0.00","366,300","366,300","366,300"
"000","06/05/2023","06/05/2023","06/05/2023","APOTEK PRIMA","COD","0.00","0.00","0.00","20,100","20,100","20,100"
"230221007190","04/05/2023","05/05/2023","03/06/2023","Merapi","KREDIT","5.00","0.00","0.00","728,738","692,301","692,301"
"0010196","04/05/2023","05/05/2023","25/05/2023","Penta Vallent","KREDIT","0.00","0.00","0.00","173,992","173,992","173,992"
"01118","04/05/2023","04/05/2023","18/05/2023","Bina San Prima","KREDIT","0.00","0.00","0.00","879,120","879,120","879,120"
"01117","04/05/2023","05/05/2023","18/05/2023","Bina San Prima","KREDIT","0.00","0.00","0.00","1,636,700","1,636,700","1,636,700"
"0004399","02/05/2023","04/05/2023","23/05/2023","Blessindo","KREDIT","8.00","0.00","0.00","3,140,620","2,889,370","2,889,370"
"0004379","02/05/2023","04/05/2023","23/05/2023","Blessindo","KREDIT","8.00","0.00","0.00","3,441,000","3,165,720","3,165,720"
"0004434","03/05/2023","04/05/2023","24/05/2023","Blessindo","KREDIT","8.00","0.00","0.00","6,302,040","5,797,870","5,797,870"
"00714","03/05/2023","03/05/2023","17/05/2023","Bina San Prima","KREDIT","0.00","0.00","0.00","1,936,950","1,936,950","1,936,950"
"00729","03/05/2023","03/05/2023","17/05/2023","Bina San Prima","KREDIT","0.00","0.00","0.00","827,062","827,062","827,062"
"00469","04/05/2023","04/05/2023","03/06/2023","SAKAJAJA MAKMUR ABADI","KREDIT","0.00","0.00","0.00","407,217","407,217","407,217"
"00480","03/05/2023","04/05/2023","24/05/2023","Daya Anugrah Dewata Sakti","KREDIT","0.00","0.00","0.00","1,133,590","1,133,590","1,133,590"
"132423010599","03/05/2023","04/05/2023","02/06/2023","Millennium Pharmacon International","KREDIT","0.00","0.00","0.00","2,520,260","2,520,260","2,520,260"
"00714","03/05/2023","03/05/2023","17/05/2023","Bina San Prima","KREDIT","0.00","0.00","0.00","1,936,950","1,936,950","1,936,950"
"0335138","03/05/2023","03/05/2023","17/05/2023","Bina San Prima","KREDIT","0.00","0.00","0.00","827,062","827,062","827,062"
"0009811","29/04/2023","02/05/2023","20/05/2023","Penta Vallent","KREDIT","0.00","0.00","0.00","1,028,140","1,028,140","1,028,140"
"10569","29/04/2023","02/05/2023","20/05/2023","Kallista","KREDIT","0.00","0.00","0.00","1,576,840","1,576,840","1,576,840"
"132423010227","29/04/2023","03/05/2023","29/05/2023","Millennium Pharmacon International","KREDIT","0.00","0.00","0.00","1,655,560","1,655,560","1,655,560"
"55230013318","28/04/2023","29/04/2023","28/04/2023","6","COD","0.00","0.00","0.00","2,657,340","2,657,340","2,657,340"
"230496610","27/04/2023","29/04/2023","27/05/2023","Mensa Bina Sukses","KREDIT","0.00","0.00","0.00","2,008,820","2,008,820","2,008,820"
"123028334","28/04/2023","29/04/2023","28/05/2023","ENSEVAL PUTERA","KREDIT","0.00","0.00","0.00","573,870","573,870","573,870"
"22516552","27/04/2023","28/04/2023","27/05/2023","Azken Indonesia","KREDIT","0.00","0.00","0.00","403,771","403,771","403,771"
"0337614","27/04/2023","27/04/2023","11/05/2023","Bina San Prima","KREDIT","0.00","0.00","0.00","1,561,770","1,561,770","1,561,770"
"05522","26/04/2023","27/04/2023","17/05/2023","Daya Anugrah Dewata Sakti","KREDIT","0.00","0.00","0.00","543,068","543,068","543,068"
"0009531","26/04/2023","27/04/2023","17/05/2023","Penta Vallent","KREDIT","0.00","0.00","0.00","616,882","616,882","616,882"
"05592","26/04/2023","26/04/2023","10/05/2023","Bina San Prima","KREDIT","0.00","0.00","0.00","333,833","333,833","333,833"
"05546","26/04/2023","26/04/2023","10/05/2023","Bina San Prima","KREDIT","0.00","0.00","0.00","2,674,160","2,674,160","2,674,160"
"132423009915","26/04/2023","27/04/2023","26/05/2023","Millennium Pharmacon International","KREDIT","0.00","0.00","0.00","1,513,210","1,513,210","1,513,210"
"10226","26/04/2023","27/04/2023","18/05/2023","Kallista","KREDIT","0.00","0.00","0.00","1,341,700","1,341,700","1,341,700"
"09847","18/04/2023","19/04/2023","08/05/2023","Kallista","KREDIT","0.00","0.00","0.00","1,613,380","1,613,380","1,613,380"
"55230012759","18/04/2023","19/04/2023","19/04/2023","6","COD","0.00","0.00","0.00","2,964,200","2,964,200","2,964,200"
"0009203","18/04/2023","19/04/2023","09/05/2023","Penta Vallent","KREDIT","0.00","0.00","0.00","727,605","727,605","727,605"
"02132","18/04/2023","18/04/2023","18/05/2023","SAKAJAJA MAKMUR ABADI","KREDIT","0.00","0.00","0.00","234,110","234,110","234,110"
"428","17/04/2023","18/04/2023","08/05/2023","Blessindo","KREDIT","8.00","0.00","0.00","3,415,890","3,142,620","3,142,620"
"132423009331","15/04/2023","18/04/2023","15/05/2023","Millennium Pharmacon International","KREDIT","0.00","0.00","0.00","827,782","827,782","827,782"
"04105","17/04/2023","17/04/2023","01/05/2023","Bina San Prima","KREDIT","0.00","0.00","0.00","826,950","826,950","826,950"
"04164","17/04/2023","17/04/2023","01/05/2023","Bina San Prima","KREDIT","0.00","0.00","0.00","445,833","445,833","445,833"
"22516161","15/04/2023","17/04/2023","15/05/2023","Merapi","KREDIT","0.00","0.00","0.00","788,586","788,586","788,586"
"09625","15/04/2023","17/04/2023","06/05/2023","Kallista","KREDIT","0.00","0.00","0.00","1,170,500","1,170,500","1,170,500"
"09623","15/04/2023","17/04/2023","06/05/2023","Kallista","KREDIT","0.00","0.00","0.00","759,240","759,240","759,240"
"0008960","15/04/2023","17/04/2023","06/05/2023","Penta Vallent","KREDIT","0.00","0.00","0.00","744,743","744,743","744,743"
"22516083","14/04/2023","15/04/2023","14/05/2023","Merapi","KREDIT","0.00","0.00","0.00","403,771","403,771","403,771"
"03687","14/04/2023","14/04/2023","28/04/2023","Bina San Prima","KREDIT","0.00","0.00","0.00","82,140","82,140","82,140"
"03688","14/04/2023","14/04/2023","28/04/2023","Bina San Prima","KREDIT","0.00","0.00","0.00","1,069,710","1,069,710","1,069,710"
"000","15/04/2023","15/04/2023","15/04/2023","APOTEK PRIMA","COD","0.00","0.00","0.00","139,500","139,500","139,500"
"00B7","15/04/2023","15/04/2023","15/04/2023","RS. GRIYA HUSADA","COD","0.00","0.00","0.00","91,699","91,699","91,699"
"CD230444540","12/04/2023","13/04/2023","12/05/2023","Mensa Bina Sukses","KREDIT","0.00","0.00","0.00","917,415","917,415","917,415"
"55230011725","12/04/2023","13/04/2023","13/04/2023","6","COD","0.00","0.00","0.00","1,166,280","1,166,280","1,166,280"
"09274","12/04/2023","13/04/2023","03/05/2023","Kallista","KREDIT","0.00","0.00","0.00","1,924,460","1,924,460","1,924,460"
"132423008962","12/04/2023","13/04/2023","12/05/2023","Millennium Pharmacon International","KREDIT","0.00","0.00","0.00","1,670,330","1,670,330","1,670,330"
"8683","12/04/2023","13/04/2023","03/05/2023","Penta Vallent","KREDIT","0.00","0.00","0.00","791,534","791,534","791,534"
"20230002022","10/04/2023","11/04/2023","01/05/2023","Blessindo","KREDIT","8.00","0.00","0.00","3,418,110","3,144,660","3,144,660"
"0329197","11/04/2023","11/04/2023","25/04/2023","Bina San Prima","KREDIT","0.00","0.00","0.00","609,945","609,945","609,945"
"230400081","10/04/2023","11/04/2023","24/04/2023","Intisumber Hasil Sempurna","KREDIT","0.00","0.00","0.00","509,898","509,898","509,898"
"132423008584","08/04/2023","11/04/2023","09/05/2023","Millennium Pharmacon International","KREDIT","0.00","0.00","0.00","1,513,210","1,513,210","1,513,210"
"55230011249","06/04/2023","10/04/2023","10/04/2023","6","COD","0.00","0.00","0.00","1,994,060","1,994,060","1,994,060"
"0091572","10/04/2023","10/04/2023","24/04/2023","Bina San Prima","KREDIT","0.00","0.00","0.00","627,150","627,150","627,150"
"0091573","10/04/2023","10/04/2023","24/04/2023","Bina San Prima","KREDIT","0.00","0.00","0.00","1,632,370","1,632,370","1,632,370"
"01511/DAD/04/23","08/04/2023","10/04/2023","29/04/2023","Daya Anugrah Dewata Sakti","KREDIT","0.00","0.00","0.00","1,318,120","1,318,120","1,318,120"
"08859","08/04/2023","10/04/2023","29/04/2023","Kallista","KREDIT","0.00","0.00","0.00","1,842,600","1,842,600","1,842,600"
"55230011249","07/04/2023","08/04/2023","08/04/2023","6","COD","0.00","0.00","0.00","1,994,060","1,994,060","1,994,060"
"0001910","03/04/2023","05/04/2023","24/04/2023","Blessindo","KREDIT","8.00","0.00","0.00","2,915,140","2,681,930","2,681,930"
"08601","04/04/2023","05/04/2023","25/04/2023","Kallista","KREDIT","0.00","0.00","0.00","1,827,740","1,827,740","1,827,740"
"8169","03/04/2023","04/04/2023","03/05/2023","Millennium Pharmacon International","KREDIT","0.00","0.00","0.00","632,700","632,700","632,700"
"CD230404098","03/04/2023","04/04/2023","03/05/2023","Mensa Bina Sukses","KREDIT","0.00","0.00","0.00","703,950","703,950","703,950"
"00228/DAD/04/23","03/04/2023","04/04/2023","24/04/2023","Daya Anugrah Dewata Sakti","KREDIT","0.00","0.00","0.00","764,512","764,512","764,512"
"0136194","04/04/2023","04/04/2023","18/04/2023","Bina San Prima","KREDIT","0.00","0.00","0.00","344,100","344,100","344,100"
"0136197","04/04/2023","04/04/2023","18/04/2023","Bina San Prima","KREDIT","0.00","0.00","0.00","945,054","945,054","945,054"
"0076723","03/04/2023","04/04/2023","17/04/2023","Bina San Prima","KREDIT","0.00","0.00","0.00","1,025,640","1,025,640","1,025,640"
"0076655","03/04/2023","03/04/2023","17/04/2023","Bina San Prima","KREDIT","0.00","0.00","0.00","1,828,500","1,828,500","1,828,500"
"22515296","31/03/2023","01/04/2023","30/04/2023","Merapi","KREDIT","0.00","0.00","0.00","791,623","791,623","791,623"
"132423007935","31/03/2023","01/04/2023","30/04/2023","Millennium Pharmacon International","KREDIT","0.00","0.00","0.00","879,100","879,100","879,100"
"0007807","01/04/2023","03/04/2023","22/04/2023","Penta Vallent","KREDIT","0.00","0.00","0.00","1,297,040","1,297,040","1,297,040"
"55230010592","01/04/2023","03/04/2023","03/04/2023","6","COD","0.00","0.00","0.00","1,449,940","1,449,940","1,449,940"
"230383770","30/03/2023","31/03/2023","29/04/2023","Mensa Bina Sukses","KREDIT","0.00","0.00","0.00","1,014,480","1,014,480","1,014,480"
"132423007723","30/03/2023","31/03/2023","29/04/2023","Millennium Pharmacon International","KREDIT","0.00","0.00","0.00","544,519","544,519","544,519"
"22515208","30/03/2023","31/03/2023","28/04/2023","Merapi","KREDIT","0.00","0.00","0.00","546,515","546,515","546,515"
"0061766","27/03/2023","28/03/2023","17/04/2023","Blessindo","KREDIT","0.00","0.00","0.00","2,083,190","2,083,190","2,083,190"
"06577","28/03/2023","28/03/2023","11/04/2023","Bina San Prima","KREDIT","0.00","0.00","0.00","310,800","310,800","310,800"
"06578","28/03/2023","28/03/2023","30/11/2024","Bina San Prima","KREDIT","0.00","0.00","0.00","2,474,690","2,474,690","2,474,690"
"06288","27/03/2023","27/03/2023","31/10/2024","Bina San Prima","KREDIT","0.00","0.00","0.00","1,537,350","1,537,350","1,537,350"
"06290","27/03/2023","27/03/2023","31/10/2024","Bina San Prima","KREDIT","0.00","0.00","0.00","1,269,560","1,269,560","1,269,560"
"06289","27/03/2023","27/03/2023","10/04/2023","Bina San Prima","KREDIT","0.00","0.00","0.00","688,200","688,200","688,200"
"06338","27/03/2023","27/03/2023","10/04/2023","Bina San Prima","KREDIT","0.00","0.00","0.00","366,300","366,300","366,300"
"CD230357419","25/03/2023","27/03/2023","24/04/2023","Mensa Bina Sukses","KREDIT","0.00","0.00","0.00","3,221,540","3,221,540","3,221,540"
"0007039","25/03/2023","27/03/2023","25/03/2023","Penta Vallent","KREDIT","0.00","0.00","0.00","202,200","202,200","202,200"
"0007040","25/03/2023","27/03/2023","15/04/2023","Penta Vallent","KREDIT","0.00","0.00","0.00","869,962","869,962","869,962"
"07659","25/03/2023","27/03/2023","15/04/2023","Kallista","KREDIT","0.00","0.00","0.00","2,525,530","2,525,530","2,525,530"
"05513","25/03/2023","27/03/2023","15/04/2023","Daya Anugrah Dewata Sakti","KREDIT","0.00","0.00","0.00","1,581,750","1,581,750","1,581,750"
"132423007286","25/03/2023","27/03/2023","24/04/2023","Millennium Pharmacon International","KREDIT","0.00","0.00","0.00","1,170,540","1,170,540","1,170,540"
"55230009259","23/03/2023","24/03/2023","24/03/2023","6","KREDIT","0.00","0.00","0.00","1,401,430","1,401,430","1,401,430"
"132423006934","23/03/2023","24/03/2023","20/04/2023","Millennium Pharmacon International","KREDIT","0.00","0.00","0.00","1,980,880","1,980,880","1,980,880"
"1660","20/03/2023","24/03/2023","10/04/2023","Blessindo","KREDIT","8.00","0.00","0.00","1,583,130","1,456,480","1,456,480"
"1699","21/03/2023","24/03/2023","11/04/2023","Blessindo","KREDIT","8.00","0.00","0.00","2,214,460","2,037,300","2,037,300"
"07442","23/03/2023","24/03/2023","12/04/2023","Kallista","KREDIT","0.00","0.00","0.00","2,430,620","2,430,620","2,430,620"
"6791","23/03/2023","24/03/2023","13/04/2023","Penta Vallent","KREDIT","0.00","0.00","0.00","1,681,930","1,681,930","1,681,930"
"22514530","20/03/2023","21/03/2023","19/04/2023","Merapi","KREDIT","0.00","0.00","0.00","565,445","565,445","565,445"
"CD230331561","20/03/2023","21/03/2023","19/04/2023","Mensa Bina Sukses","KREDIT","0.00","0.00","0.00","2,926,240","2,926,240","2,926,240"
"4568","20/03/2023","20/03/2023","03/04/2023","Bina San Prima","KREDIT","0.00","0.00","0.00","1,389,280","1,389,280","1,389,280"
"04567","20/03/2023","20/03/2023","03/04/2023","Bina San Prima","KREDIT","0.00","0.00","0.00","780,442","780,442","780,442"
"6856","20/03/2023","20/03/2023","20/03/2023","Darma Setia","COD","0.00","0.00","0.00","67,500","67,500","67,500"
"06657","17/03/2023","20/03/2023","16/04/2023","Millennium Pharmacon International","KREDIT","0.00","0.00","0.00","1,265,400","1,265,400","1,265,400"
"03667","17/03/2023","20/03/2023","07/04/2023","Daya Anugrah Dewata Sakti","KREDIT","0.00","0.00","0.00","1,028,140","1,028,140","1,028,140"
"0006519","18/03/2023","20/03/2023","08/04/2023","Penta Vallent","KREDIT","0.00","0.00","0.00","869,962","869,962","869,962"
"01739","18/03/2023","20/03/2023","08/04/2023","Kallista","","0.00","0.00","0.00","1,065,040","1,065,040","1,065,040"
"03667","17/03/2023","18/03/2023","31/07/2024","Daya Anugrah Dewata Sakti","KREDIT","0.00","0.00","0.00","1,028,140","1,028,140","1,028,140"
"132423006657","17/03/2023","18/03/2023","16/04/2023","Millennium Pharmacon International","KREDIT","0.00","0.00","0.00","1,265,400","1,265,400","1,265,400"
"1599","16/03/2023","18/03/2023","06/04/2023","Blessindo","KREDIT","8.00","0.00","0.00","2,525,250","2,323,230","2,323,230"
"1324","03/03/2023","06/03/2023","24/03/2023","Blessindo","","8.00","0.00","0.00","862,330","793,344","793,344"
"1211","27/02/2023","01/03/2023","20/03/2023","Blessindo","KREDIT","8.00","0.00","0.00","3,675,360","3,381,330","3,381,330"
"55230008511","16/03/2023","17/03/2023","17/03/2023","Anugerah Argon Medica","KREDIT","0.00","0.00","0.00","975,412","975,412","975,412"
"06904","16/03/2023","17/03/2023","07/04/2023","Kallista","KREDIT","0.00","0.00","0.00","1,054,500","1,054,500","1,054,500"
"0001521","13/03/2023","17/03/2023","03/04/2023","Blessindo","KREDIT","8.00","0.00","0.00","2,525,670","2,323,610","2,323,610"
"0006296","16/03/2023","17/03/2023","08/04/2023","Penta Vallent","KREDIT","0.00","0.00","0.00","790,875","790,875","790,875"
"03738","16/03/2023","16/03/2023","30/03/2023","Bina San Prima","KREDIT","0.00","0.00","0.00","380,200","380,200","380,200"
"03737","16/03/2023","16/03/2023","30/03/2023","Bina San Prima","KREDIT","0.00","0.00","0.00","344,100","344,100","344,100"
"03739","16/03/2023","16/03/2023","30/03/2023","Bina San Prima","KREDIT","0.00","0.00","0.00","142,358","142,358","142,358"
"160323","16/03/2023","16/03/2023","16/03/2023","APOTEK PRIMA","COD","0.00","0.00","0.00","9,700","9,700","9,700"
"55230008209","14/03/2023","15/03/2023","15/03/2023","Anugerah Argon Medica","COD","0.00","0.00","0.00","975,412","975,412","975,412"
"230301284","13/03/2023","14/03/2023","12/04/2023","Mensa Bina Sukses","KREDIT","0.00","0.00","0.00","1,921,300","1,921,300","1,921,300"
"06218","13/03/2023","14/03/2023","12/04/2023","Millennium Pharmacon International","KREDIT","0.00","0.00","0.00","1,828,260","1,828,260","1,828,260"
"0531717","13/03/2023","14/03/2023","27/03/2023","Bina San Prima","KREDIT","0.00","0.00","0.00","368,520","368,520","368,520"
"02866","13/03/2023","14/03/2023","27/03/2023","Bina San Prima","KREDIT","0.00","0.00","0.00","1,492,950","1,492,950","1,492,950"
"0005987","13/03/2023","14/03/2023","03/04/2023","Penta Vallent","KREDIT","0.00","0.00","0.00","1,391,740","1,391,740","1,391,740"
"06603","13/03/2023","14/03/2023","04/04/2023","Kallista","KREDIT","0.00","0.00","0.00","1,144,130","1,144,130","1,144,130"
"123016821","10/03/2023","13/03/2023","10/03/2023","Enseval Putera Megatreding","COD","0.00","0.00","0.00","247,877","247,877","247,877"
"01501","08/03/2023","09/03/2023","22/03/2023","Bina San Prima","KREDIT","0.00","0.00","0.00","178,822","178,822","178,822"
"01500","08/03/2023","09/03/2023","22/03/2023","Bina San Prima","KREDIT","0.00","0.00","0.00","1,133,310","1,133,310","1,133,310"
"NJMDN230300067","08/03/2023","09/03/2023","22/03/2023","Intisumber Hasil Sempurna","KREDIT","0.00","0.00","0.00","613,429","613,429","613,429"
"7483","07/03/2023","08/03/2023","09/03/2023","Anugerah Argon Medica","COD","0.00","0.00","0.00","1,065,040","1,065,040","1,065,040"
"06019","07/03/2023","08/03/2023","28/04/2023","Kallista","KREDIT","0.00","0.00","0.00","1,555,390","1,555,390","1,555,390"
"5681","07/03/2023","08/03/2023","06/04/2023","Millennium Pharmacon International","KREDIT","0.00","0.00","0.00","912,142","912,143","912,142"
"01184","07/03/2023","07/03/2023","21/03/2023","Bina San Prima","KREDIT","0.00","0.00","0.00","388,500","388,500","388,500"
"01186","07/03/2023","07/03/2023","21/03/2023","Bina San Prima","KREDIT","0.00","0.00","0.00","1,908,370","1,908,370","1,908,370"
"060323","06/03/2023","06/03/2023","06/03/2023","APOTEK PRIMA","COD","0.00","0.00","0.00","128,310","128,310","128,310"
"CD230263942","03/03/2023","06/03/2023","02/04/2023","Mensa Bina Sukses","KREDIT","0.00","0.00","0.00","3,402,150","3,402,150","3,402,150"
"0589","03/03/2023","06/03/2023","02/04/2023","Daya Anugrah Dewata Sakti","KREDIT","0.00","0.00","0.00","3,232,040","3,232,040","3,232,040"
"030323","03/03/2023","06/03/2023","24/03/2023","Blessindo","KREDIT","8.00","0.00","0.00","862,330","793,344","793,344"
"0535","04/03/2023","06/03/2023","25/03/2023","Daya Anugrah Dewata Sakti","KREDIT","0.00","0.00","0.00","369,075","369,075","369,075"
"05780","04/03/2023","06/03/2023","25/03/2023","Bina San Prima","KREDIT","0.00","0.00","0.00","521,978","521,978","521,978"
"230300016","03/03/2023","04/03/2023","17/03/2023","Intisumber Hasil Sempurna","KREDIT","0.00","0.00","0.00","623,012","623,012","623,012"
"4990","28/02/2023","03/03/2023","30/03/2023","Millennium Pharmacon International","KREDIT","0.00","0.00","0.00","1,218,780","1,218,780","1,218,780"
"5076","02/03/2023","03/03/2023","23/03/2023","Penta Vallent","KREDIT","0.00","0.00","0.00","394,696","394,696","394,696"
"00273","02/03/2023","02/03/2023","16/03/2023","Bina San Prima","KREDIT","0.00","0.00","0.00","688,200","688,200","688,200"
"","","","","","","0.00","0.00","11.00","0","0","0"
"132423005232","01/03/2023","02/03/2023","31/03/2023","Millennium Pharmacon International","KREDIT","0.00","0.00","0.00","1,505,940","1,505,940","1,505,940"
"07158","28/02/2023","01/03/2023","14/03/2023","Bina San Prima","KREDIT","0.00","0.00","0.00","266,400","266,400","266,400"
"06645","28/02/2023","01/03/2023","21/03/2023","Daya Anugrah Dewata Sakti","KREDIT","0.00","0.00","0.00","1,328,670","1,328,670","1,328,670"
"22513583","28/02/2023","01/03/2023","30/03/2023","Merapi","KREDIT","0.00","0.00","0.00","994,617","994,617","994,617"
"132423004791","27/02/2023","28/02/2023","29/03/2023","Millennium Pharmacon International","KREDIT","0.00","0.00","0.00","1,157,840","1,157,840","1,157,840"
"0004749","28/02/2023","01/03/2023","21/03/2023","Penta Vallent","KREDIT","0.00","0.00","0.00","664,335","664,335","664,335"
"07183","28/02/2023","01/03/2023","14/03/2023","Bina San Prima","KREDIT","0.00","0.00","0.00","847,495","847,495","847,495"
"05327","28/02/2023","01/03/2023","21/03/2023","Kallista","KREDIT","0.00","0.00","0.00","1,539,570","1,539,570","1,539,570"
"2022023","28/02/2023","28/02/2023","28/02/2023","APOTEK PRIMA","COD","0.00","0.00","0.00","112,000","112,000","112,000"
"22513455","28/02/2023","28/02/2023","30/03/2023","Merapi","","0.00","0.00","0.00","637,118","637,118","637,118"
"05144","27/02/2023","28/02/2023","21/03/2023","Kallista","KREDIT","0.00","0.00","0.00","1,581,620","1,581,620","1,581,620"
"92851328","25/02/2023","27/02/2023","27/02/2023","ENSEVAL PUTERA","COD","0.00","0.00","0.00","991,508","991,508","991,508"
"0530907","27/02/2023","27/02/2023","13/03/2023","Bina San Prima","KREDIT","0.00","0.00","0.00","1,542,900","1,542,900","1,542,900"
"0530908","27/02/2023","27/02/2023","13/03/2023","Bina San Prima","KREDIT","0.00","0.00","0.00","727,050","727,050","727,050"
"5351","25/02/2023","27/02/2023","27/03/2023","Mensa Bina Sukses","KREDIT","0.00","0.00","0.00","2,530,800","2,530,800","2,530,800"
"06056/DAD/02/23","25/02/2023","27/02/2023","18/03/2023","Daya Anugrah Dewata Sakti","KREDIT","0.00","0.00","0.00","1,054,500","1,054,500","1,054,500"
"4714","25/02/2023","27/02/2023","18/03/2023","Penta Vallent","KREDIT","0.00","0.00","0.00","1,831,500","1,831,500","1,831,500"
"55230006171","25/02/2023","26/02/2023","27/02/2023","6","COD","0.00","0.00","0.00","1,312,350","1,312,350","1,312,350"
"5623006770","24/02/2023","25/02/2023","27/02/2023","6","COD","0.00","0.00","0.00","2,484,400","2,484,400","2,484,400"
"55230006022","24/02/2023","25/02/2023","27/02/2023","Anugerah Argon Medica","COD","0.00","0.00","0.00","2,688,980","2,688,980","2,688,980"
"0530470","24/02/2023","24/02/2023","10/03/2023","Bina San Prima","KREDIT","0.00","0.00","0.00","1,385,470","1,385,470","1,385,470"
"1147","22/02/2023","24/02/2023","15/03/2023","Blessindo","KREDIT","5.00","0.00","0.00","6,381,130","6,062,070","6,062,070"
"240223","23/02/2023","24/02/2023","15/03/2023","Millennium Pharmacon International","KREDIT","0.00","0.00","0.00","2,208,900","2,208,900","2,208,900"
"5465445","22/02/2023","23/02/2023","23/02/2023","Rajawali","COD","0.00","0.00","0.00","237,675","237,675","237,675"
"4340","23/02/2023","24/02/2023","16/03/2023","Penta Vallent","KREDIT","0.00","0.00","0.00","869,962","869,962","869,962"
"028","23/02/2023","23/02/2023","25/03/2023","Dwi Jaya Medika","KREDIT","0.00","0.00","0.00","321,900","321,900","321,900"
"05650","23/02/2023","23/02/2023","09/03/2023","Bina San Prima","KREDIT","0.00","0.00","0.00","1,818,180","1,818,180","1,818,180"
"123011901","21/02/2023","22/02/2023","23/02/2023","ENSEVAL PUTERA","COD","0.00","0.00","0.00","735,368","735,368","735,368"
"04572","21/02/2023","22/02/2023","13/03/2023","Kallista","KREDIT","0.00","0.00","0.00","2,077,360","2,077,360","2,077,360"
"6703","22/02/2023","22/02/2023","22/02/2023","Darma Setia","COD","0.00","0.00","0.00","825,000","825,000","825,000"
"CD230206462","21/02/2023","22/02/2023","23/03/2023","Mensa Bina Sukses","KREDIT","0.00","0.00","0.00","1,173,130","1,173,130","1,173,130"
"PJ230222-0125","22/02/2023","22/02/2023","22/02/2023","RS. GRIYA HUSADA","COD","0.00","0.00","0.00","89,708","89,708","89,708"
"4075","20/02/2023","21/02/2023","13/03/2023","Penta Vallent","KREDIT","0.00","0.00","0.00","869,962","869,962","869,962"
"04862","21/02/2023","21/02/2023","07/03/2023","Bina San Prima","KREDIT","0.00","0.00","0.00","3,068,270","3,068,270","3,068,270"
"04863","21/02/2023","21/02/2023","07/03/2023","Bina San Prima","KREDIT","0.00","0.00","0.00","388,500","388,500","388,500"
"04575","20/02/2023","20/02/2023","06/03/2023","Bina San Prima","KREDIT","0.00","0.00","0.00","2,474,800","2,474,800","2,474,800"
"04574","20/02/2023","20/02/2023","06/03/2023","Bina San Prima","KREDIT","0.00","0.00","0.00","122,100","122,100","122,100"
"55220005167","10/02/2023","20/02/2023","20/02/2023","6","COD","0.00","0.00","0.00","1,519,530","1,519,530","1,519,530"
"132423004272","17/02/2023","20/02/2023","19/03/2023","Millennium Pharmacon International","KREDIT","0.00","0.00","0.00","1,091,410","1,091,410","1,091,410"
"CD230192179","16/02/2023","17/02/2023","18/03/2023","Mensa Bina Sukses","KREDIT","5.00","0.00","0.00","999,000","949,050","949,050"
"04156","16/02/2023","17/02/2023","08/03/2023","Kallista","KREDIT","0.00","0.00","0.00","499,833","499,833","499,833"
"1014","15/02/2023","17/02/2023","08/03/2023","Blessindo","KREDIT","0.00","8.00","0.00","3,272,000","3,010,240","3,010,240"
"16223","16/02/2023","16/02/2023","16/02/2023","Apotek Pijar","COD","0.00","0.00","0.00","127,500","127,500","127,500"
"55230004852","15/02/2023","16/02/2023","16/02/2023","6","COD","0.00","0.00","0.00","137,085","137,085","137,085"
"55230004842","15/02/2023","16/02/2023","16/02/2023","Anugerah Argon Medica","COD","0.00","0.00","0.00","2,420,080","2,420,080","2,420,080"
"55230004843","15/02/2023","16/02/2023","16/02/2023","Anugerah Argon Medica","COD","0.00","0.00","0.00","2,319,900","2,319,900","2,319,900"
"22512858","15/02/2023","16/02/2023","17/03/2023","Merapi","KREDIT","0.00","0.00","0.00","311,466","311,466","311,466"
"S04","15/02/2023","16/02/2023","15/03/2023","Millennium Pharmacon International","KREDIT","0.00","0.00","0.00","2,669,990","2,669,990","2,669,990"
"930","13/02/2023","15/02/2023","06/03/2023","Blessindo","KREDIT","0.00","8.00","0.00","5,377,010","4,946,850","4,946,850"
"292","13/02/2023","15/02/2023","06/03/2023","Blessindo","KREDIT","0.00","8.00","0.00","15,839,000","14,571,900","14,571,900"
"04125","15/02/2023","16/02/2023","08/03/2023","Kallista","KREDIT","0.00","0.00","0.00","1,318,680","1,318,680","1,318,680"
"03890","15/02/2023","15/02/2023","01/03/2023","Bina San Prima","KREDIT","0.00","0.00","0.00","1,798,760","1,798,760","1,798,760"
"03930","31/07/2024","15/02/2023","01/03/2023","Bina San Prima","KREDIT","0.00","0.00","0.00","477,300","477,300","477,300"
"123010605","14/02/2023","15/02/2023","15/02/2023","Enseval Putera Megatreding","COD","0.00","0.00","0.00","1,980,800","1,980,800","1,980,800"
"3667","14/02/2023","15/02/2023","07/03/2023","Penta Vallent","KREDIT","0.00","0.00","0.00","1,971,920","1,971,920","1,971,920"
"04028","14/02/2023","15/02/2023","06/03/2023","Kallista","KREDIT","0.00","0.00","0.00","1,964,530","1,964,530","1,964,530"
"03054","13/02/2023","13/02/2023","13/02/2023","Bina San Prima","COD","0.00","1.00","0.00","1,504,050","1,489,010","1,489,010"
"03055","13/02/2023","13/02/2023","13/02/2023","Bina San Prima","COD","0.00","0.00","0.00","1,144,800","1,144,800","1,144,800"
"03212","14/02/2023","14/02/2023","14/02/2023","Bina San Prima","COD","0.00","0.00","0.00","324,176","324,176","324,176"
"03213","14/02/2023","14/02/2023","14/02/2023","Bina San Prima","COD","0.00","0.00","0.00","685,425","685,425","685,425"
"132423003758","11/02/2023","14/02/2023","13/03/2023","Millennium Pharmacon International","KREDIT","0.00","0.00","0.00","2,082,640","2,082,640","2,082,640"
"2023.02.00199","10/02/2023","14/02/2023","12/03/2023","YOTA MEDIKA","KREDIT","0.00","0.00","0.00","888,000","888,000","888,000"
"-","13/02/2023","13/02/2023","13/02/2023","APOTEK PRIMA","COD","0.00","0.00","0.00","91,000","91,000","91,000"
"2302-01360","14/02/2023","14/02/2023","14/02/2023","SAKAJAJA MAKMUR ABADI","COD","0.00","0.00","0.00","225,175","225,175","225,175"
"01884","09/02/2023","10/02/2023","02/03/2023","Daya Anugrah Dewata Sakti","KREDIT","0.00","0.00","0.00","334,809","334,809","334,809"
"6638","13/02/2023","13/02/2023","13/03/2023","Darma Setia","KREDIT","0.00","0.00","0.00","261,508","261,508","261,508"
"09765","11/02/2023","13/02/2023","04/03/2023","Kallista","KREDIT","0.00","0.00","0.00","1,810,690","1,810,690","1,810,690"
"0003399","11/02/2023","13/02/2023","04/03/2023","Penta Vallent","KREDIT","0.00","0.00","0.00","1,591,240","1,591,240","1,591,240"
"CD230170371","11/02/2023","13/02/2023","13/03/2023","Mensa Bina Sukses","KREDIT","0.00","0.00","0.00","785,602","785,602","785,602"
"132423003666","10/02/2023","11/02/2023","22/03/2023","Millennium Pharmacon International","KREDIT","0.00","0.00","0.00","1,977,190","1,977,190","1,977,190"
"132423003597","09/02/2023","10/02/2023","11/03/2023","Millennium Pharmacon International","COD","0.00","0.00","0.00","695,970","695,970","695,970"
"03585","09/02/2023","10/02/2023","02/03/2023","Kallista","KREDIT","0.00","0.00","0.00","521,978","521,978","521,978"
"0003270","09/02/2023","10/02/2023","02/03/2023","Penta Vallent","KREDIT","0.00","0.00","0.00","549,450","549,450","549,450"
"02346","10/02/2023","10/02/2023","10/02/2023","Bina San Prima","COD","0.00","1.00","0.00","278,333","275,550","275,550"
"02347","10/02/2023","10/02/2023","10/02/2023","Bina San Prima","COD","0.00","1.00","0.00","1,479,910","1,465,110","1,465,110"
"00908","09/02/2023","09/02/2023","09/02/2023","SAKAJAJA MAKMUR ABADI","COD","0.00","0.00","0.00","363,386","363,386","363,386"
"01789","08/02/2023","09/02/2023","01/03/2023","Daya Anugrah Dewata Sakti","COD","0.00","0.00","0.00","2,594,070","2,594,070","2,594,070"
"230221002111","07/02/2023","08/02/2023","09/03/2023","Merapi","KREDIT","0.00","0.00","0.00","2,957,870","2,957,870","2,957,870"
"147010","07/02/2023","08/02/2023","09/03/2023","Millennium Pharmacon International","KREDIT","0.00","0.00","0.00","521,978","521,978","521,978"
"03337","07/02/2023","08/02/2023","28/02/2023","Kallista","KREDIT","0.00","0.00","0.00","1,372,960","1,372,960","1,372,960"
"03235","06/02/2023","07/02/2023","25/02/2023","Kallista","KREDIT","0.00","0.00","0.00","977,522","977,522","977,522"
"22512351","06/02/2023","07/02/2023","06/03/2023","Merapi","KREDIT","0.00","0.00","0.00","714,245","714,245","714,245"
"22512323","04/02/2023","06/02/2023","06/02/2023","Merapi","COD","0.00","0.00","0.00","905,659","905,659","905,659"
"01017","06/02/2023","06/02/2023","06/02/2023","Bina San Prima","COD","0.00","1.00","0.00","1,337,550","1,324,170","1,324,170"
"01016","06/02/2023","06/02/2023","06/02/2023","Bina San Prima","COD","0.00","1.00","0.00","290,820","287,912","287,912"
"00765","04/02/2023","06/02/2023","06/02/2023","Bina San Prima","COD","0.00","0.00","0.00","362,538","362,538","362,538"
"03138","04/02/2023","06/02/2023","06/03/2023","Kallista","KREDIT","0.00","0.00","0.00","2,470,690","2,470,690","2,470,690"
"132423003207","04/02/2023","06/02/2023","06/02/2023","Millennium Pharmacon International","KREDIT","0.00","0.00","0.00","1,072,430","1,072,430","1,072,430"
"CD230142769","04/02/2023","06/02/2023","06/02/2023","Mensa Bina Sukses","COD","0.00","0.00","0.00","1,878,680","1,878,680","1,878,680"
"55230003581","04/02/2023","06/02/2023","06/02/2023","6","COD","0.00","0.00","11.00","911,060","0","0"
"0002844","04/02/2023","06/02/2023","25/02/2023","Penta Vallent","KREDIT","5.00","0.00","11.00","1,502,700","1,427,560","1,584,600"
"760","01/02/2023","02/02/2023","22/02/2023","Blessindo","kredit","0.00","8.00","11.00","7,572,750","6,966,930","7,733,290"
"02954","02/02/2023","03/02/2023","22/02/2023","Kallista","kredit","0.00","0.00","11.00","1,344,250","1,344,250","1,492,120"
"92419577","31/01/2023","02/02/2023","02/02/2023","Enseval Putera Megatreding","cod","0.00","0.75","11.00","1,915,000","1,900,640","2,109,710"
"2223","02/02/2023","02/02/2023","02/02/2023","Apotek Pijar","cod","0.00","0.00","11.00","89,000","89,000","98,790"
"2599","01/02/2023","02/02/2023","22/02/2023","Penta Vallent","kredit","0.00","0.00","11.00","605,862","605,862","672,507"
"0552449","01/02/2023","02/02/2023","02/02/2023","Bina San Prima","cod","0.00","1.00","11.00","1,489,000","1,474,110","1,636,260"
"202302/00015","01/02/2023","01/02/2023","01/02/2023","Bina San Prima","cod","0.00","1.00","11.00","991,230","0","0"
"3108","31/01/2023","01/02/2023","01/02/2023","6","cod","0.00","0.00","11.00","474,851","474,851","527,085"
"3107","31/01/2023","01/02/2023","01/02/2023","6","cod","0.00","0.00","11.00","1,206,500","1,206,500","1,339,220"
"3109","31/01/2023","01/02/2023","01/02/2023","6","cod","0.00","0.00","11.00","1,668,220","1,668,220","1,851,720"
"639","30/01/2023","01/02/2023","20/02/2023","Blessindo","kredit","0.00","8.00","11.00","6,912,120","6,359,160","7,058,660"
"22512009","31/01/2023","01/02/2023","01/02/2023","Merapi","cod","0.00","0.00","11.00","268,816","268,816","298,386"
"TO109","31/01/2023","01/02/2023","28/02/2023","Millennium Pharmacon International","kredit","0.00","0.00","11.00","1,711,940","1,711,940","1,900,250"
"02679","31/01/2023","01/02/2023","20/02/2023","Kallista","kredit","0.00","0.00","11.00","902,500","902,500","1,001,780"
"07755","31/01/2023","31/01/2023","31/01/2023","Bina San Prima","cod","0.00","1.00","11.00","482,150","477,328","529,835"
"07754","31/01/2023","31/01/2023","31/01/2023","Bina San Prima","cod","0.00","1.00","11.00","760,000","752,400","835,164"
"tes123","31/01/2023","31/01/2023","31/01/2023","Azken Indonesia","tes123","0.00","0.00","11.00","36,200","36,200","40,182"
"tesinsto","01/02/2023","01/02/2023","01/02/2023","Darma Setia","tesinsto","0.00","0.00","11.00","12,500","12,500","13,875"
"07507","30/01/2023","30/01/2023","30/01/2023","Bina San Prima","cod","0.00","1.00","11.00","450,000","445,500","494,505"
"07438","30/01/2023","30/01/2023","30/01/2023","Bina San Prima","cod","0.00","1.00","11.00","1,481,000","1,466,190","1,627,470"
"07437","30/01/2023","30/01/2023","30/01/2023","Bina San Prima","cod","0.00","1.00","11.00","842,750","834,322","926,098"
"tes123","31/01/2023","31/01/2023","31/01/2023","Darma Setia","tes123","0.00","0.00","11.00","5,500","5,500","6,105"
"tes123","30/01/2023","30/01/2023","30/01/2023","Darma Setia","tes123","0.00","0.00","11.00","16,000","16,000","17,760"
"2451","28/01/2023","30/01/2023","18/02/2023","Kallista","kredit","0.00","0.00","11.00","165,300","0","0"
"2241","28/01/2023","30/01/2023","18/02/2023","Penta Vallent","kredit","0.00","0.00","11.00","161,500","0","0"
"6550","28/01/2023","28/01/2023","28/01/2023","Darma Setia","cod","0.00","0.00","11.00","145,000","80,000","88,800"
"TO109","28/01/2023","30/01/2023","30/01/2023","Millennium Pharmacon International","cod","0.00","0.00","11.00","949,050","0","0"
"28123","28/01/2023","28/01/2023","28/01/2023","APOTEK PRIMA","cod","0.00","0.00","11.00","223,000","0","0"
"616","27/01/2023","28/01/2023","17/02/2023","Blessindo","kredit","0.00","8.00","11.00","8,661,380","7,347,460","8,155,690"
"615","27/01/2023","28/01/2023","17/02/2023","Blessindo","kredit","8.00","0.00","11.00","8,695,000","7,154,150","7,941,110"
"230100318","28/01/2023","","11/02/2023","Intisumber Hasil Sempurna","kredit","0.00","0.00","11.00","578,255","213,193","236,644"
"07648","27/01/2023","28/01/2023","17/02/2023","Daya Anugrah Dewata Sakti","kredit","0.00","0.00","11.00","1,743,250","1,743,250","1,935,010"
"TO109","27/01/2023","28/01/2023","28/01/2023","Millennium Pharmacon International","cod","0.00","0.00","11.00","1,853,640","980,685","1,088,560"
"02325","27/01/2023","28/01/2023","16/02/2023","Kallista","kredit","0.00","0.00","11.00","2,009,250","1,539,000","1,708,290"
"tes123","28/01/2023","28/01/2023","28/01/2023","Darma Setia","tes","0.00","0.00","11.00","11,000","0","0"
"27125","27/01/2023","27/01/2023","27/01/2023","APOTEK T35","cod","0.00","0.00","11.00","72,000","0","0"
"27124","27/01/2023","27/01/2023","27/01/2023","APOTEK T35","cod","0.00","0.00","11.00","36,900","24,900","27,639"
"27123","27/01/2023","27/01/2023","27/01/2023","APOTEK T35","cod","0.00","0.00","11.00","2,304,030","2,101,560","2,332,730"
"06874","27/01/2023","27/01/2023","27/01/2023","Bina San Prima","cod","0.00","1.00","11.00","1,244,000","1,231,560","1,339,750"
"06875","27/01/2023","27/01/2023","27/01/2023","Bina San Prima","cod","0.00","1.00","11.00","653,000","316,800","351,648"
"6545","27/01/2023","27/01/2023","27/01/2023","Darma Setia","cod","0.00","0.00","11.00","259,214","98,500","109,335"
"2027","26/01/2023","27/01/2023","16/02/2023","Penta Vallent","kredit","0.00","0.00","11.00","236,719","216,719","240,558"
"2026","26/01/2023","27/01/2023","16/02/2023","Penta Vallent","kredit","0.00","0.00","11.00","87,281","0","0"
"02216","26/01/2023","27/01/2023","16/02/2023","Kallista","kredit","0.00","0.00","11.00","826,500","285,000","316,350"
"TO109","26/01/2023","27/01/2023","27/01/2023","Millennium Pharmacon International","cod","0.00","5.00","11.00","385,281","197,086","218,766"
"525456","26/01/2023","26/01/2023","26/01/2023","Bina San Prima","cod","0.00","1.00","11.00","358,000","0","0"
"525455","26/01/2023","26/01/2023","26/01/2023","Bina San Prima","cod","0.00","1.00","11.00","1,346,750","1,065,980","1,183,240"
"26123","26/01/2023","26/01/2023","26/01/2023","APOTEK T35","cod","0.00","0.00","11.00","118,014","0","0"
"554","25/01/2023","26/01/2023","14/02/2023","Blessindo","kredit","8.00","0.00","11.00","4,587,500","4,265,000","4,734,150"
"513","24/01/2023","26/01/2023","14/02/2023","Blessindo","kredit","8.00","0.00","11.00","3,043,120","2,927,500","3,249,520"
"1971","25/01/2023","26/01/2023","15/02/2023","Penta Vallent","kredit","0.00","0.00","11.00","1,147,720","1,010,560","1,121,720"
"1884","25/01/2023","26/01/2023","15/02/2023","Penta Vallent","kredit","0.00","0.00","11.00","595,290","53,790","59,706"
"55230002286","25/01/2023","26/01/2023","25/01/2023","6","cod","0.00","0.00","11.00","1,204,600","976,600","1,084,030"
"250123","25/01/2023","25/01/2023","14/02/2023","Ferron","kredit","0.00","5.00","11.00","1,252,660","1,015,560","1,127,270"
"2523","25/01/2023","25/01/2023","25/01/2023","APOTEK PRIMA","cod","0.00","0.00","11.00","167,320","96,120","106,693"
"0525077","25/01/2023","25/01/2023","25/01/2023","Bina San Prima","cod","0.00","1.00","11.00","585,000","272,250","302,198"
"0525072","25/01/2023","25/01/2023","25/01/2023","Bina San Prima","cod","0.00","1.00","11.00","1,578,450","1,314,670","1,459,280"
"0525076","25/01/2023","25/01/2023","25/01/2023","Bina San Prima","cod","0.00","1.00","11.00","58,200","0","0"
"0525071","25/01/2023","25/01/2023","25/01/2023","Bina San Prima","cod","0.00","1.00","11.00","40,000","0","0"
"CD230083724","24/01/2023","25/01/2023","23/02/2023","Mensa Bina Sukses","kredit","0.00","0.00","11.00","413,250","0","0"
"0124","25/01/2023","25/01/2023","25/01/2023","RS. GRIYA HUSADA","cod","0.00","0.00","11.00","285,266","268,581","298,125"
"06539","24/01/2023","25/01/2023","31/01/2023","Daya Anugrah Dewata Sakti","kredit","0.00","0.00","11.00","237,500","0","0"
"06538","24/01/2023","25/01/2023","31/01/2023","Daya Anugrah Dewata Sakti","kredit","0.00","0.00","11.00","356,250","0","0"
"06541","24/01/2023","25/01/2023","31/01/2023","Daya Anugrah Dewata Sakti","kredit","0.00","0.00","11.00","570,000","0","0"
"25123","25/01/2023","25/01/2023","25/01/2023","APOTEK PRIMA","cod","0.00","0.00","11.00","213,400","162,800","180,708"
"1801","24/01/2023","25/01/2023","14/02/2023","Penta Vallent","kredit","0.00","0.00","11.00","313,500","156,750","173,992"
"0547187","24/01/2023","25/01/2023","25/01/2023","Bina San Prima","cod","0.00","1.00","11.00","1,585,300","1,255,300","1,393,380"
"2020","24/01/2023","25/01/2023","25/01/2023","Kallista","kredit","0.00","0.00","11.00","171,000","0","0"
"01993","24/01/2023","25/01/2023","15/01/2023","Kallista","kredit","0.00","0.00","11.00","484,500","313,500","347,985"
"507422","24/01/2023","24/01/2023","24/01/2023","APOTEK T35","cod","0.00","0.00","11.00","292,830","292,830","303,139"
"R/6","24/01/2023","24/01/2023","24/01/2023","APOTEK PRIMA","cod","0.00","0.00","11.00","124,600","124,600","124,600"
"1749","23/01/2023","24/01/2023","13/02/2023","Penta Vallent","kredit","0.00","0.00","11.00","294,500","294,500","294,500"
"540915","21/01/2023","22/01/2023","22/01/2023","APOTEK MUTIARA","cod","0.00","0.00","11.00","129,038","129,038","129,038"
"AISL0048","21/01/2023","21/01/2023","28/01/2023","Azken Indonesia","kredit","0.00","0.00","11.00","387,200","387,200","414,890"
"398","17/01/2023","19/01/2023","16/02/2023","Blessindo","kredit","8.00","0.00","11.00","628,875","578,565","636,249"
"511383","19/01/2023","20/01/2023","20/01/2023","Merapi","cod","0.00","0.00","11.00","109,050","109,050","109,050"
"04663","19/01/2023","20/01/2023","20/01/2023","Bina San Prima","cod","0.00","1.00","11.00","623,550","617,314","669,276"
"224","19/01/2023","19/01/2023","02/02/2023","Intisumber Hasil Sempurna","kredit","0.00","0.00","11.00","1,247,030","1,247,030","1,366,800"
"04277","18/01/2023","18/01/2023","18/01/2023","Bina San Prima","cod","0.00","1.00","11.00","341,700","338,283","375,494"
"511222","17/01/2023","18/01/2023","18/01/2023","Merapi","cod","0.00","0.00","11.00","169,963","169,963","188,659"
"4278","18/01/2023","18/01/2023","18/01/2023","Bina San Prima","cod","0.00","1.00","11.00","240,000","237,600","263,736"
"294","13/01/2023","14/01/2023","11/02/2023","Blessindo","kredit","0.00","8.00","11.00","2,156,180","1,983,680","2,201,890"
"03084","13/01/2023","14/01/2023","14/01/2023","Bina San Prima","cod","0.00","1.00","11.00","405,300","401,247","445,384"
"03082","13/01/2023","14/01/2023","14/01/2023","Bina San Prima","cod","0.00","1.00","11.00","80,550","79,745","88,516"
"1089","13/01/2023","14/01/2023","03/02/2023","Kallista","kredit","0.00","0.00","11.00","555,750","555,750","616,882"
"923","12/01/2023","13/01/2023","13/01/2023","Kallista","cod","0.00","0.00","11.00","399,000","399,000","442,890"
"105","10/01/2023","10/01/2023","10/01/2023","Intisumber Hasil Sempurna","cod","0.00","0.00","11.00","520,129","520,129","577,344"
"03030","12/01/2023","13/01/2023","13/01/2023","Bina San Prima","cod","0.00","1.00","11.00","805,000","0","0"
"913","12/01/2023","13/01/2023","02/02/2023","Penta Vallent","kredit","0.00","0.00","11.00","346,067","0","0"
"221","10/01/2023","13/01/2023","09/02/2023","Blessindo","kredit","8.00","0.00","11.00","658,500","0","0"
"220","10/01/2023","13/01/2023","09/02/2023","Blessindo","kredit","0.00","8.00","11.00","1,149,750","0","0"
"00699","10/01/2023","11/01/2023","11/01/2023","Kallista","cod","0.00","0.00","11.00","327,750","0","0"
"00596","09/01/2023","10/01/2023","10/01/2023","Kallista","cod","0.00","0.00","11.00","356,250","0","0"
"","","","","","","","","","Total: 730,337,460","Total: 699,790,535","Total: 708,150,495"
